{
  "id": "5398f2f2-7905-4ea0-a3b0-8d8944b75ae7",
  "name": "action",
  "isOverridable": true,
  "entries": [
    {
      "value": "find",
      "synonyms": [
        "look for",
        "search for",
        "find"
      ]
    },
    {
      "value": "pick up",
      "synonyms": [
        "pick up",
        "grab"
      ]
    },
    {
      "value": "look around",
      "synonyms": [
        "look around"
      ]
    },
    {
      "value": "move",
      "synonyms": [
        "walk",
        "move",
        "go"
      ]
    }
  ],
  "isEnum": false,
  "automatedExpansion": false
}