{
  "id": "dbe7dd55-1126-44b3-88f1-3de6cb6fc45b",
  "name": "thing",
  "isOverridable": true,
  "entries": [
    {
      "value": "exit",
      "synonyms": [
        "way out",
        "exit"
      ]
    },
    {
      "value": "rock",
      "synonyms": [
        "rock",
        "stone",
        "pebble"
      ]
    },
    {
      "value": "light",
      "synonyms": [
        "light"
      ]
    },
    {
      "value": "water",
      "synonyms": [
        "water",
        "sound of water"
      ]
    },
    {
      "value": "waterfall",
      "synonyms": [
        "waterfall"
      ]
    }
  ],
  "isEnum": false,
  "automatedExpansion": false
}